day,dau,wau,mau
2026-06-01,37,37,37
2026-06-02,40,69,69
2026-06-03,48,97,97
2026-06-04,44,119,119
2026-06-05,55,149,149
2026-06-06,72,186,186
2026-06-07,77,219,219
2026-06-08,70,234,243
2026-06-09,97,274,287
2026-06-10,99,302,321
2026-06-11,93,330,353
2026-06-12,104,357,379
2026-06-13,105,374,412
2026-06-14,130,402,453
2026-06-15,105,433,486
2026-06-16,126,458,524
2026-06-17,126,481,556
2026-06-18,141,502,591
2026-06-19,133,520,626
2026-06-20,156,555,666
2026-06-21,146,570,702
2026-06-22,137,583,725
2026-06-23,134,603,763
2026-06-24,163,620,791
2026-06-25,163,630,819
2026-06-26,160,658,856
2026-06-27,163,652,880
2026-06-28,169,675,914
2026-06-29,187,696,945
2026-06-30,181,745,984
2026-07-01,194,762,1015
2026-07-02,197,776,1053
2026-07-03,175,793,1086
2026-07-04,224,823,1133
2026-07-05,191,834,1163
2026-07-06,210,832,1189
2026-07-07,210,853,1222
2026-07-08,216,870,1255
2026-07-09,212,888,1287
2026-07-10,201,907,1325
2026-07-11,228,934,1369
2026-07-12,238,960,1396
2026-07-13,198,945,1420
2026-07-14,205,957,1449
2026-07-15,217,962,1474
2026-07-16,222,978,1506
2026-07-17,226,995,1532
2026-07-18,225,1003,1570
2026-07-19,226,997,1606
2026-07-20,231,1010,1628
2026-07-21,242,1035,1660
2026-07-22,235,1059,1690
2026-07-23,237,1063,1712
2026-07-24,246,1065,1735
2026-07-25,262,1103,1769
2026-07-26,248,1121,1800
2026-07-27,252,1130,1826
2026-07-28,234,1152,1858
2026-07-29,241,1169,1883
2026-07-30,250,1187,1914
2026-07-31,258,1185,1931
2026-08-01,295,1194,1964
2026-08-02,252,1194,1992
2026-08-03,263,1217,2010
2026-08-04,260,1226,2037
2026-08-05,241,1220,2056
2026-08-06,279,1230,2097
2026-08-07,261,1223,2121
2026-08-08,270,1228,2151
2026-08-09,293,1255,2185
2026-08-10,313,1282,2219
2026-08-11,285,1305,2245
2026-08-12,262,1314,2268
2026-08-13,262,1335,2291
2026-08-14,264,1338,2321
2026-08-15,294,1346,2354
2026-08-16,268,1345,2379
2026-08-17,287,1324,2400
2026-08-18,313,1342,2435
2026-08-19,322,1356,2466
2026-08-20,324,1405,2499
2026-08-21,288,1416,2527
2026-08-22,312,1440,2551
2026-08-23,283,1452,2582
2026-08-24,280,1457,2598
2026-08-25,288,1453,2626
2026-08-26,303,1449,2654
2026-08-27,320,1455,2695
2026-08-28,298,1460,2711
2026-08-29,323,1480,2734
2026-08-30,305,1496,2764
2026-08-31,312,1510,2789
2026-09-01,295,1520,2787
2026-09-02,277,1492,2780
2026-09-03,268,1456,2787
2026-09-04,280,1430,2785
2026-09-05,261,1382,2776
2026-09-06,250,1366,2778
2026-09-07,252,1341,2766
2026-09-08,262,1334,2761
2026-09-09,252,1327,2735
2026-09-10,241,1331,2732
2026-09-11,257,1305,2723
2026-09-12,244,1309,2727
2026-09-13,241,1322,2724
2026-09-14,261,1320,2719
2026-09-15,206,1289,2712
2026-09-16,226,1263,2708
2026-09-17,225,1256,2696
2026-09-18,224,1252,2683
2026-09-19,190,1231,2674
2026-09-20,210,1219,2666
2026-09-21,199,1185,2652
2026-09-22,228,1202,2649
2026-09-23,184,1162,2639
2026-09-24,227,1184,2641
2026-09-25,221,1174,2639
2026-09-26,189,1176,2637
2026-09-27,173,1126,2626
2026-09-28,178,1122,2616
2026-09-29,207,1107,2613
2026-09-30,213,1131,2609
