month,platform,app_version,sessions,carts,checkouts,purchases,checkout_conversion,session_conversion
2026-06,android,2.0,1216,526,383,293,0.7650130548302873,0.24095394736842105
2026-06,ios,2.0,820,348,254,184,0.7244094488188977,0.22439024390243903
2026-06,web,web,1425,609,430,325,0.7558139534883721,0.22807017543859648
2026-07,android,2.0,2497,1076,807,596,0.7385377942998761,0.23868642370845014
2026-07,ios,2.0,1618,715,516,375,0.7267441860465116,0.23176761433868975
2026-07,web,web,2836,1246,922,699,0.7581344902386117,0.24647390691114246
2026-08,android,2.0,3288,1392,1000,778,0.778,0.23661800486618004
2026-08,ios,2.0,2157,934,663,517,0.779788838612368,0.23968474733426054
2026-08,web,web,3475,1505,1085,816,0.752073732718894,0.23482014388489209
2026-09,android,2.0,622,262,194,151,0.7783505154639175,0.2427652733118971
2026-09,android,2.1,1850,806,614,235,0.38273615635179153,0.12702702702702703
2026-09,ios,2.0,1735,799,597,474,0.7939698492462312,0.27319884726224786
2026-09,web,web,2734,1165,867,665,0.7670126874279123,0.24323335771762986
