cohort_week,day_number,eligible_users,retained_users,retention
2026-06-01,0,219,219,1.0
2026-06-01,7,219,42,0.1917808219178082
2026-06-01,14,219,32,0.1461187214611872
2026-06-01,21,219,24,0.1095890410958904
2026-06-01,28,219,18,0.0821917808219178
2026-06-08,0,234,234,1.0
2026-06-08,7,234,44,0.18803418803418803
2026-06-08,14,234,30,0.1282051282051282
2026-06-08,21,234,24,0.10256410256410256
2026-06-08,28,234,21,0.08974358974358974
2026-06-15,0,249,249,1.0
2026-06-15,7,249,48,0.1927710843373494
2026-06-15,14,249,36,0.14457831325301204
2026-06-15,21,249,36,0.14457831325301204
2026-06-15,28,249,24,0.0963855421686747
2026-06-22,0,212,212,1.0
2026-06-22,7,212,41,0.19339622641509435
2026-06-22,14,212,27,0.12735849056603774
2026-06-22,21,212,20,0.09433962264150944
2026-06-22,28,212,22,0.10377358490566038
2026-06-29,0,251,251,1.0
2026-06-29,7,251,43,0.17131474103585656
2026-06-29,14,251,34,0.13545816733067728
2026-06-29,21,251,25,0.099601593625498
2026-06-29,28,251,23,0.09163346613545817
2026-07-06,0,243,243,1.0
2026-07-06,7,243,47,0.1934156378600823
2026-07-06,14,243,50,0.205761316872428
2026-07-06,21,243,24,0.09876543209876543
2026-07-06,28,243,16,0.06584362139917696
2026-07-13,0,226,226,1.0
2026-07-13,7,226,48,0.21238938053097345
2026-07-13,14,226,42,0.18584070796460178
2026-07-13,21,226,33,0.14601769911504425
2026-07-13,28,226,35,0.15486725663716813
2026-07-20,0,211,211,1.0
2026-07-20,7,211,48,0.22748815165876776
2026-07-20,14,211,35,0.16587677725118483
2026-07-20,21,211,25,0.11848341232227488
2026-07-20,28,211,22,0.10426540284360189
2026-07-27,0,216,216,1.0
2026-07-27,7,216,49,0.22685185185185186
2026-07-27,14,216,25,0.11574074074074074
2026-07-27,21,216,32,0.14814814814814814
2026-07-27,28,216,24,0.1111111111111111
2026-08-03,0,229,229,1.0
2026-08-03,7,229,39,0.1703056768558952
2026-08-03,14,229,35,0.15283842794759825
2026-08-03,21,229,27,0.11790393013100436
2026-08-03,28,229,23,0.10043668122270742
2026-08-10,0,230,230,1.0
2026-08-10,7,230,40,0.17391304347826086
2026-08-10,14,230,34,0.14782608695652175
2026-08-10,21,230,24,0.10434782608695652
2026-08-10,28,230,26,0.11304347826086956
2026-08-17,0,222,222,1.0
2026-08-17,7,222,38,0.17117117117117117
2026-08-17,14,222,41,0.18468468468468469
2026-08-17,21,222,31,0.13963963963963963
2026-08-17,28,222,20,0.09009009009009009
2026-08-24,0,229,229,1.0
2026-08-24,7,229,46,0.20087336244541484
2026-08-24,14,229,41,0.17903930131004367
2026-08-24,21,229,23,0.10043668122270742
2026-08-24,28,229,23,0.10043668122270742
2026-08-31,0,29,29,1.0
2026-08-31,7,29,9,0.3103448275862069
2026-08-31,14,29,10,0.3448275862068966
2026-08-31,21,29,2,0.06896551724137931
2026-08-31,28,29,4,0.13793103448275862
