month,platform,app_version,checkout_sessions,error_sessions,payment_error_rate
2026-06,android,2.0,383,90,0.2349869451697128
2026-06,ios,2.0,254,70,0.2755905511811024
2026-06,web,web,430,105,0.2441860465116279
2026-07,android,2.0,807,211,0.2614622057001239
2026-07,ios,2.0,516,141,0.27325581395348836
2026-07,web,web,922,223,0.2418655097613883
2026-08,android,2.0,1000,222,0.222
2026-08,ios,2.0,663,146,0.22021116138763197
2026-08,web,web,1085,269,0.24792626728110598
2026-09,android,2.0,194,43,0.22164948453608246
2026-09,android,2.1,614,379,0.6172638436482085
2026-09,ios,2.0,597,123,0.20603015075376885
2026-09,web,web,867,202,0.23298731257208766
